{"train_acc": 0.7314453125, "train_loss": 0.9889612793922424, "epoch": 10, "_runtime": 55, "_timestamp": 1615230778, "_step": 1187, "val_acc": 0.7379999756813049, "val_loss": 0.9376872777938843, "test_acc": 0.7448999881744385, "test_loss": 0.930056631565094}