{"train_acc": 0.7983871102333069, "train_loss": 1.2179131507873535, "epoch": 0, "_runtime": 20, "_timestamp": 1615215532, "_step": 887, "val_acc": 0.7432000041007996, "val_loss": 1.1197919845581055, "test_acc": 0.7562999725341797, "test_loss": 1.107654333114624}