{"train_acc": 0.6693548560142517, "train_loss": 1.4941734075546265, "epoch": 0, "_runtime": 9, "_timestamp": 1615217494, "_step": 887, "val_acc": 0.7070000171661377, "val_loss": 1.3165102005004883, "test_acc": 0.7096999883651733, "test_loss": 1.3158197402954102}