{"train_acc": 0.62890625, "train_loss": 2.0631561279296875, "epoch": 4, "_runtime": 15, "_timestamp": 1615218543, "_step": 249, "val_acc": 0.5947999954223633, "val_loss": 2.1308577060699463}