{"train_acc": 0.55078125, "train_loss": 2.1184844970703125, "epoch": 4, "_runtime": 16, "_timestamp": 1615219821, "_step": 539, "val_acc": 0.5658000111579895, "val_loss": 2.0771427154541016, "test_acc": 0.5636000037193298, "test_loss": 2.0744376182556152}