{"train_acc": 0.337890625, "train_loss": 2.251448392868042, "epoch": 0, "_runtime": 7, "_timestamp": 1615217737, "_step": 215, "val_acc": 0.3531999886035919, "val_loss": 2.2462382316589355, "test_acc": 0.358599990606308, "test_loss": 2.2447826862335205}