{"train_acc": 0.5322580933570862, "train_loss": 1.6670324802398682, "epoch": 0, "_runtime": 18, "_timestamp": 1615215480, "_step": 443, "val_acc": 0.6169999837875366, "val_loss": 1.4747751951217651}