{"train_acc": 0.8525390625, "train_loss": 0.6756102442741394, "epoch": 13, "_runtime": 63, "_timestamp": 1615231461, "_step": 749, "val_acc": 0.8411999940872192, "val_loss": 0.7334747314453125}