{"train_acc": 0.724609375, "train_loss": 1.1954610347747803, "epoch": 9, "_runtime": 31, "_timestamp": 1615222702, "_step": 1079, "val_acc": 0.7293999791145325, "val_loss": 1.091738224029541, "test_acc": 0.7355999946594238, "test_loss": 1.0765115022659302}