{"train_acc": 0.57421875, "train_loss": 2.0719783306121826, "epoch": 4, "_runtime": 16, "_timestamp": 1615219169, "_step": 539, "val_acc": 0.6092000007629395, "val_loss": 1.9787746667861938, "test_acc": 0.6182000041007996, "test_loss": 1.9846956729888916}