{"train_acc": 0.6171875, "train_loss": 2.034229278564453, "epoch": 4, "_runtime": 16, "_timestamp": 1615219861, "_step": 539, "val_acc": 0.6182000041007996, "val_loss": 1.9744173288345337, "test_acc": 0.6442000269889832, "test_loss": 1.9681891202926636}