{"train_acc": 0.6370967626571655, "train_loss": 1.4315227270126343, "epoch": 0, "_runtime": 9, "_timestamp": 1615217549, "_step": 887, "val_acc": 0.7092000246047974, "val_loss": 1.2676329612731934, "test_acc": 0.7178000211715698, "test_loss": 1.2424980401992798}