{"test_acc": 0.9695000052452087, "test_loss": 0.10563340038061142, "epoch": 0, "_runtime": 6, "_timestamp": 1615221443, "_step": 0}