{"test_acc": 0.9695000052452087, "test_loss": 0.10563340038061142, "epoch": 0, "_runtime": 7, "_timestamp": 1615222403, "_step": 0}