{"train_acc": 0.9443359375, "train_loss": 0.19729498028755188, "epoch": 49, "_runtime": 109, "_timestamp": 1615230591, "_step": 2649, "val_acc": 0.9431999921798706, "val_loss": 0.21205390989780426}