{"train_acc": 0.775390625, "train_loss": 1.1527050733566284, "epoch": 9, "_runtime": 40, "_timestamp": 1615223365, "_step": 499, "val_acc": 0.7534000277519226, "val_loss": 1.1900163888931274}