{"train_acc": 0.9780219793319702, "train_loss": 0.09827235341072083, "epoch": 99, "_runtime": 171, "_timestamp": 1615220332, "_step": 10799, "val_acc": 0.9688000082969666, "val_loss": 0.11766394227743149, "test_acc": 0.9695000052452087, "test_loss": 0.10563340783119202}