{"train_acc": 0.2275390625, "train_loss": 2.285137176513672, "epoch": 0, "_runtime": 13, "_timestamp": 1615231496, "_step": 107, "val_acc": 0.2313999980688095, "val_loss": 2.281825304031372, "test_acc": 0.22030000388622284, "test_loss": 2.2815020084381104}