{"train_acc": 0.71484375, "train_loss": 1.1796691417694092, "epoch": 9, "_runtime": 31, "_timestamp": 1615229430, "_step": 499, "val_acc": 0.694599986076355, "val_loss": 1.2275782823562622}