{"train_acc": 0.6290322542190552, "train_loss": 1.5328123569488525, "epoch": 0, "_runtime": 9, "_timestamp": 1615215841, "_step": 887, "val_acc": 0.6665999889373779, "val_loss": 1.390417218208313, "test_acc": 0.6773999929428101, "test_loss": 1.3829761743545532}