{"train_acc": 0.6370967626571655, "train_loss": 1.588534951210022, "epoch": 0, "_runtime": 18, "_timestamp": 1615215321, "_step": 399}