{"train_acc": 0.599609375, "train_loss": 2.102811336517334, "epoch": 4, "_runtime": 16, "_timestamp": 1615219212, "_step": 249, "val_acc": 0.5163999795913696, "val_loss": 2.164649724960327}